{"cameraMode":{"drawMode":0,"name":"Shaded","section":"Shading Mode"},"sceneLighting":true,"audioPlay":false,"sceneViewState":{"m_AlwaysRefresh":false,"showFog":true,"showSkybox":true,"showFlares":true,"showImageEffects":true,"showParticleSystems":true,"showVisualEffectGraphs":true,"m_FxEnabled":true},"in2DMode":false,"pivot":{"x":20.788135528564454,"y":7.712292671203613,"z":23.172780990600587},"rotation":{"x":-0.06856183707714081,"y":0.9319552183151245,"z":-0.25209370255470278,"w":-0.25146228075027468},"size":5.905550956726074,"orthographic":false}